House,Location,Price,Type,Beds,Baths,Sq Ft
148 Chambers Street,Tribeca,5998000,Condo,3,4,2251
30 Park Plaza #52 C,Tribeca,5675000,Condo,2,3.5,2044
301 E 63rd Street #10F,Upper East Side,579000,Coop,2,1,975
34 E 62nd Street,Upper East Side,23900000,Single,5,6,9200
10 E 76th Street,Upper East Side,29950000,Multi,7,11.5,12380
23-04 30th Ave,Astoria,1450000,Multi,4,2,1769
18 White Plaza,Staten Island,548000,Single,3,2,1350
209-39 45th Drive #1,Bayside,2100,Apartment,2,2,900